provider,category,asset_scope,price_semantics,transport_auth,timing_sequence_depth_history,public_cost,internal_use_rights,derived_data_rights,commercial_redistribution_rights,raw_retention_rights,blocksize_onchain_publication_rights,lineage_group,official_sources,decision_note,accessed_date
"Hyperliquid / HIP-3","venue","Crypto spot/perps plus builder-deployed HIP-3 perps; exact catalog is dynamic","Native L2 book and trades; separate allMids, oracle, mark, funding. HIP-3 deployer defines oracle and contract specs","Public REST POST /info and public WebSocket; no key for market data","L2/trade WebSocket and REST snapshots; API limits 1,200 weighted units/min/IP, 10 WS connections, 1,000 subscriptions; history endpoints/S3 documented","No market-data subscription price published; trading fees apply","Unknown; public access is not a commercial-use grant","Unknown","Unknown; written venue clearance required","Unknown","Unknown; HIP-3/onchain availability does not grant republication into a Blocksize oracle","hyperliquid_native_book; each HIP-3 dex and its deployer oracle must retain separate lineage","https://hyperliquid.gitbook.io/hyperliquid-docs/for-developers/api/rate-limits-and-user-limits|https://hyperliquid.gitbook.io/hyperliquid-docs/for-developers/api/websocket/subscriptions|https://hyperliquid.gitbook.io/hyperliquid-docs/hyperliquid-improvement-proposals-hips/hip-3-builder-deployed-perpetuals|https://hyperliquid.gitbook.io/hyperliquid-docs/trading/fees","Strong executable candidate. Do not count HIP-3 oracle/index and native order book as independent sources; verify each market's deployer/oracle definition.","2026-07-16"
"Drift","venue","Solana spot and perpetual markets","Locally reconstructed onchain DLOB L2/L3; committed resting orders; optional vAMM/fallback liquidity; separate oracle/mark. Indicative quotes are explicitly non-firm","Solana RPC WebSocket/polling/gRPC via Drift SDK; public chain; hosted DLOB services also exist","Slot-tagged local reconstruction; SDK supports L2/L3 and exact-base fill estimators. Production RPC required. Indicative quotes disappear on disconnect","No protocol market-data subscription price published; RPC/storage costs apply","Public-chain use appears intended; legal review of RPC/provider and hosted-service terms still required","Unknown","Unknown","Possible with self-retained account/slot state, subject to RPC/provider terms","Unknown; publication of a derived Blocksize feed needs policy/legal clearance","drift_dlob; vAMM and indicative-quote components must remain tagged and not counted as independent","https://docs.drift.trade/developers/drift-sdk/dlob|https://docs.drift.trade/developers/market-makers/indicative-quotes|https://docs.drift.trade/developers/market-makers/quickstart","Best build candidate because the book can be reconstructed and replayed from exact accounts/slots. Exclude indicative quotes from firm executable depth or cap separately.","2026-07-16"
"Orderly","venue","100+ USDC-settled perpetuals including crypto and disclosed RWA markets","Shared offchain CLOB order book/trades; separate index, mark and funding","Public REST and public market-data WebSocket; private actions use Orderly Key","Incremental orderbook update every 200 ms with ts and prevTs; latest trades include execution timestamp; market_trades limit 10 requests/s/IP","No market-data subscription price published; trading base fees currently 3 bps crypto taker and 5 bps RWA taker at public tier","Unknown","Unknown","Unknown; written Orderly clearance required","Unknown","Unknown","orderly_shared_clob; all front ends share the same liquidity and must not be counted as independent venues","https://orderly.network/docs/build-on-omnichain/introduction|https://orderly.network/docs/build-on-omnichain/websocket-api/public/order-book-update|https://orderly.network/docs/build-on-omnichain/restful-api/public/get-market-trades|https://orderly.network/docs/introduction/trade-on-orderly/trade-on-orderly|https://orderly.network/docs/introduction/trade-on-orderly/trading-basics/trading-fees","Strong executable candidate. Implement snapshot+prevTs sequencing and preserve the shared-liquidity lineage across broker front ends.","2026-07-16"
"Ostium","venue","Synthetic perpetual markets across crypto, FX, equities, indices and commodities","Builder API exposes bid/mid/ask and market caps; no documented native L2. Treat any inferred depth as synthetic/protocol capacity, not order-book depth","Public Builder API https://builder.ostium.io and SDK; no auth requirement documented for read endpoints","GET /v1/prices, POST /v1/ohlc, WS /v1/prices/stream; getPairs carries live price and market-state fields; no sequence/depth contract found","No public market-data price published","Unknown","Unknown","Unknown","Unknown","Unknown","ostium_protocol_quote; underlying oracle lineage must be mapped before independence claims","https://docs.ostium.com/developer/builder-api/overview|https://docs.ostium.com/developer/reference/get-pairs|https://docs.ostium.com/developer/sdk/overview","Useful reference/bid-ask candidate, but not native L2 and not independently sourced until its upstream oracle lineage is documented.","2026-07-16"
"Gains Network","venue","Hundreds of crypto and synthetic RWA pairs in current public price service","Protocol/DON reference prices and OHLC; not an executable order book","No auth for REST GET and WebSocket price stream","WebSocket batches price updates every 25 ms; approximately 1 s timestamp ping; rate limiting disclosed without numeric limit; /charts OHLC snapshot","No public market-data price published","Unknown","Unknown","Unknown","Unknown","Unknown","gains_don_reference; do not treat pair price as venue book depth","https://docs.gains.trade/developer/integrators/price-feed|https://docs.gains.trade/developer/integrators","Good high-frequency reference lane. Never label as BidAsk or block-size VWAP.","2026-07-16"
"Aevo","venue","Crypto perpetuals and options; exact current instrument list via API","Native offchain order book/trades; instrument types PERPETUAL and OPTION; USD prices and contract amounts","Public REST market endpoints and WebSocket; private endpoints use AEVO-KEY/SECRET","GET /orderbook and WebSocket subscriptions; response timestamps documented in nanoseconds for orders; numeric public rate limit not located","No public market-data subscription price published","Unknown","Unknown","Unknown","Unknown","Unknown","aevo_native_book; options and perps separate from external index/oracle lineage","https://api-docs.aevo.xyz/reference/overview|https://api-docs.aevo.xyz/reference/getorderbook|https://api-docs.aevo.xyz/reference/operations","Executable candidate for listed instruments, but current RWA breadth and redistribution rights need confirmation.","2026-07-16"
"Aster","venue","Spot and perpetual futures; exact current catalog via V3 exchangeInfo","Public REST depth/trades/tickers/funding and WebSocket market streams; separate mark/index where exposed","V3 recommended; public market data unauthenticated, private trading EIP-712/API credentials; V1 key creation ended 2026-03-25","REST and WebSocket; exact V3 weights/update sequencing in official API repository; no historical replay entitlement found","No public market-data subscription price published","Unknown","Unknown","Unknown","Unknown","Unknown","aster_native_book; do not conflate Aster source with upstream oracle/index","https://github.com/asterdex/api-docs|https://github.com/asterdex/aster-skills-hub","Executable candidate. Pin V3 schema and capture exchangeInfo multipliers/ticks before coverage claims.","2026-07-16"
"xStocks / Backed","tokenized_issuer","Public xStocks catalog; equities, ETFs and other tracker certificates across multiple chains","Underlying reference price, token multiplier/contract metadata, corporate actions; soft/firm issuance-redemption quote endpoints separately authenticated. Public token payload is not L2 depth","Public /api/v1 token/metadata endpoints without auth; client and quote actions use API key","Public payload provides identifiers, ISINs, contracts, multiplier and halt state; public price endpoint lacks native executable depth; local probe found 196 token nodes","No price published for public endpoints; client/onboarding commercial terms not public","API expressly targets integrators, but terms governing commercial internal use were not located","Unknown","Unknown; integrator audience is not an express redistribution license","Unknown","Unknown; do not republish public underlying reference as Blocksize oracle without written clearance","backed_issuer_reference; every chain deployment/wrapper is one economic source","https://api.backed.fi/api-docs/|https://docs.xstocks.fi|https://assets.backed.fi/legal-documentation","High-coverage exact identity/reference lane. Preserve ISIN, underlying symbol, multiplier and halt state. No executable semantics or native timestamp should be invented.","2026-07-16"
"Ondo Global Markets","tokenized_issuer","Tokenized US stocks and ETFs","Display-only latest/market/OHLC prices; separate non-binding soft quote and signed mint/redemption attestations; primary token price and underlying-market price distinguished","x-api-key after onboarding; contact onboarding@ondo.finance","Millisecond timestamps; sessions/market status/trading limits available; price history intervals documented; no public book","Quote required","Only under onboarding/API agreement","Unknown","No for the documented display endpoints; explicit display-only wording","Caching governed by endpoint docs/agreement","No for display endpoints: Ondo explicitly says not to use them as an oracle; any attestation-derived publication requires contract terms","ondo_issuer_primary; underlying market data and token primary price share issuer lineage","https://docs.ondo.finance/api-reference/overview|https://docs.ondo.finance/api-reference/assets/get-current-prices-for-all-supported-assets|https://docs.ondo.finance/api-reference/quickstart|https://docs.ondo.finance/api-reference/limits/get-trading-limits","Partner, do not scrape. Treat soft quote as non-binding and display price as reference-only.","2026-07-16"
"Dinari","tokenized_issuer_broker","US equities/dShares; real-time SIP NBBO and separate DFN/top-of-book/L2 products","Licensed NBBO bid/ask for pre-trade display; WebSocket draft lists DFN L2/top-of-book; Dinari says its standard feeds are official exchange data, not onchain dShare trading","API key/secret and entity onboarding; feed and entity_id required for SIP NBBO","Quote timestamp ET; US partners refresh at least every 15 s; no-cache rule for Get Stock Quote; WebSocket authentication documented","US SIP query $0.0075 during regular hours when stated criteria met; other cases described as free; monthly pass-through billing","No for non-display analytics under the US Get Stock Quote rule","No under the cited US NBBO terms","Only as licensed display through Dinari; not a general resale grant","Explicitly prohibited for cited US Get Stock Quote endpoint","No; cited rule limits endpoint to end-user display and prohibits non-display analytics","dinari_sip_or_dfn; official-exchange lineage, not independent from CTA/UTP or other SIP vendors","https://docs.dinari.com/docs/us|https://docs.dinari.com/docs/pricing-quotes|https://docs.dinari.com/docs/websockets","Not a lawful replacement input for Blocksize analytics/oracle under the cited US NBBO terms. Could be an execution/partner display lane only under a negotiated agreement.","2026-07-16"
"Swarm","tokenized_issuer_platform","Tokenized securities/RWAs and crypto authorized assets","Platform/API and smart-contract solution for issuance/trading; no public price/NAV feed contract located in reviewed official docs","Partner/API contact; public docs/catalog","No public timestamp/depth/replay specification located","Quote required","Unknown","Unknown","Unknown","Unknown","Unknown","swarm_platform; exact asset and venue/pool lineage required","https://swarm.com/platform/|https://docs.swarm.com/reference/authorized-assets","Partner/API discovery required. Do not infer prices from token state or catalog metadata.","2026-07-16"
"Securitize","tokenized_issuer_platform","Tokenized securities and funds; investor/issuer workflows","Connect/Domain APIs cover identity, wallets, tokens and investment flows; no general public market-price/NAV feed found","OAuth/client ID/application secret; onboarding/customer-success provisioned","Operational APIs; no general market-data freshness/depth/replay specification found","Quote required","Agreement-scoped","Agreement-scoped","Unknown; agreement required","Agreement-scoped","Unknown","securitize_transfer_agent_or_issuer; NAV may originate with each fund administrator","https://issuersupport.securitize.io/hc/en-us/articles/33015702531863-Getting-Started-with-the-Securitize-APIs|https://sec-connect-api-docs.securitize.io/|https://sec-connect-api-docs.securitize.io/scope-of-access","Use as issuer/TA integration, not as a generic price provider. Request exact NAV/webhook fields and rights per fund.","2026-07-16"
"WisdomTree Connect","tokenized_issuer","15 supported tokenized-fund tickers across money market, equity, fixed income and allocation products","Official daily NAV, shares, AUM, accruals, performance and holdings; separate subscription/redemption/order workflows and WTGXX 24/7 dealer settlement","Fund Data REST uses x-wt-dataspan-key; Connect API uses OAuth2 bearer token; institutional onboarding","NAV endpoint includes valuation date; history variants and two-hour cache on daily aggregates; no L2 book for fund data","Quote required; no public API subscription price","Agreement-scoped","Agreement-scoped","Unknown","Agreement-scoped","Unknown; official NAV can be a reference only unless written republishing rights are granted","wisdomtree_official_nav; dealer execution and official NAV are distinct semantics but same issuer family","https://docs.wisdomtreeconnect.com/|https://docs.wisdomtreeconnect.com/dataspan/nav|https://docs.wisdomtreeconnect.com/dataspan/aggregates|https://www.wisdomtreeconnect.com/terms-of-service","High-value partner target: official identifiers and NAV history exist. Keep official NAV separate from 24/7 dealer quote/executable price.","2026-07-16"
"Spiko","tokenized_issuer","USD and EUR tokenized UCITS money-market funds","Official NAV calculated daily by CACEIS; onchain Oracle/Chainlink AggregatorV3-compatible feed; NAV is not market BidAsk","Public onchain contracts/RPC; platform access for transactions","Daily official NAV; Chainlink path described as real-time reporting of the latest NAV, but source valuation remains daily; no book depth","No oracle subscription price published; RPC/gas costs only for reading","Onchain read use intended","Unknown","Unknown","Public-chain retention possible subject to RPC terms","Unknown for republishing as Blocksize feed","spiko_caceis_nav; Spiko relayer and Chainlink publication are correlated representations of the same CACEIS NAV","https://tech.spiko.io/posts/spiko-smart-contracts/|https://www.spiko.io/blog/spiko-in-collaboration-with-caceis-integrates-chainlink-infrastructure-to-bring-nav-data-onchain|https://www.spiko.io/blog/spiko-chainlink-ccip","Authoritative NAV candidate, not independent twice when read from both Spiko and Chainlink contracts.","2026-07-16"
"Superstate","tokenized_issuer","USTB and USCC tokenized funds","Daily NAV/AUM/yield API; USTB continuous price extrapolated from latest two NAV checkpoints; daily Chainlink NAV/S; onchain redemption/subscription calculators","Public REST examples plus some JWT/API-key endpoints; public EVM/SVM contracts","Daily NAV and continuous extrapolated oracle; block/slot timestamps onchain; holdings endpoints; no market book","No public API price; contact for API key; network gas/RPC costs","Public information/onchain read use intended","Unknown","Unknown","Unknown","Unknown for Blocksize republication; native oracle is explicitly consumable by smart contracts","superstate_nav; continuous extrapolation and daily Chainlink/Pyth representations remain one issuer-NAV lineage","https://docs.superstate.com/introduction-to-superstate/api|https://docs.superstate.com/welcome-to-superstate/smart-contracts|https://docs.superstate.com/superstate-funds/ustb/income-fees-and-yield","Strong authoritative NAV/redemption-rate lane. Label continuous price as extrapolated NAV, not an exchange price.","2026-07-16"
"Franklin Templeton / Benji","tokenized_issuer","FOBXX/BENJI and other Benji-platform tokenized funds on multiple public chains","Official fund share record; BENJI represents a fund share and accrues yield; no public executable quote/book or public NAV API schema located","Institutional web/API access referenced; public contract addresses; onboarding required","Daily yield distributions and blockchain records; official transfer-agent record; no public price replay contract located","Quote required","Agreement-scoped","Agreement-scoped","Unknown","Unknown","Unknown","franklin_transfer_agent_nav; all chain deployments are one fund/TA source","https://digitalassets.franklintempleton.com/benji/|https://digitalassets.franklintempleton.com/benji/benji-contracts/|https://www.franklintempleton.com/press-releases/news-room/2026/franklin-templeton-stellar-development-foundation-mark-five-years-of-benji-the-first-u.s.-registered-tokenized-money-market-fund","Partner for official NAV/TA data. Token balance and daily yield minting are not standalone market prices.","2026-07-16"
"OpenEden","tokenized_issuer","TBILL tokenized US Treasury fund","NAV per token; onchain price oracle used for subscriptions; daily/monthly administrator NAV; no executable market depth","Public onchain contracts/RPC; investor subscription requires KYC/whitelist","NAV per token formula and daily reports; block-tagged oracle reads; no public L2/replay API specification","No public market-data price; investor fees include 5 bps redemption and 30 bps annual expense ratio","Onchain read use intended","Unknown","Unknown","Public-chain retention possible subject to RPC terms","Unknown","openeden_fund_nav; administrator report and onchain oracle are one fund lineage","https://docs.openeden.com/tbill/token-price|https://docs.openeden.com/tbill/trust-and-transparency|https://docs.openeden.com/tbill/subscriptions|https://docs.openeden.com/tbill/faq","Authoritative NAV candidate only. Preserve valuation date and do not infer continuous executable liquidity from 24/7 contract settlement.","2026-07-16"
"Matrixdock","tokenized_issuer","XAUm gold, XAGm silver, STBT Treasury token","Issuer mint/redeem quote and reserve/transparency data; XAUm unit is one troy ounce; no public general price API found","Public website/transparency and onchain contracts; primary service permissioned","Website shows current mint/redeem quotes and reserve/supply updates; no documented sequence/history API or L2","Quote required for integration","Unknown","Unknown","Unknown","Unknown","Unknown","matrixdock_issuer_quote; external Chainlink XAU/USD or SmartData may be upstream and must be tagged","https://www.matrixdock.com/xaum|https://www.matrixdock.com/transparency/underlying-assets|https://www.matrixdock.com/blog/announcements/gold-token-xaum","Reference/primary quote candidate after exact contract mapping. Website quote is not evidence of API/redistribution rights.","2026-07-16"
"Midas","tokenized_issuer","mTBILL, mBASIS, mBTC, mEDGE and other mTokens","Issuer/reference-value oracle; daily independent verification; instant redemption uses designated oracle price but issuer redemption amount may differ","Public EVM oracle contracts/RPC; app/onboarding for issuance/redemption","Block-tagged onchain values; daily attestation for mTBILL; no native market depth","No market-data subscription price; RPC/gas costs","Onchain read use intended","Unknown","Unknown","Public-chain retention possible subject to RPC terms","Unknown","midas_reference_oracle; verification agent and issuer oracle are not separate price sources","https://docs.midas.app/defi-integration/price-oracle|https://docs.midas.app/protocol-mechanics/smart-contracts|https://docs.midas.app/tokens/mtbill/independent-reporting","Useful exact redemption/reference lane. Keep explicit disclaimer that oracle is reference and redemption amount may differ.","2026-07-16"
"Pyth Core","oracle","Crypto, equities, ETFs, FX, commodities/metals and other listed feed IDs","Robust aggregate price plus confidence; not executable depth. Publisher contributions aggregated on Pythnet; market hours/status matter","Hermes REST/streaming and onchain pull/push; API key becomes required 2026-07-31 for upgraded Core access","~400 ms product target; publish time, confidence and feed ID; historical/replay via Hermes subject to service changes; no publisher-level observations exposed downstream","Onchain update fee varies by chain; e.g. Ethereum/Base/Arbitrum 0.000004 ETH per feed update as documented; API subscription terms may apply","Permissionless onchain consumption is documented","Unknown","Unknown for a commercial offchain API built from Pyth","Agreement/service-dependent","Unknown for repackaging into a competing Blocksize oracle; native use in Blocksize contracts is supported","pyth_aggregate; one Pyth feed counts as one lineage regardless of publisher count; do not count NOBI/TTMzero separately without publisher-level observations","https://docs.pyth.network/price-feeds|https://docs.pyth.network/price-feeds/core/how-pyth-works|https://docs.pyth.network/price-feeds/core/current-fees|https://docs.pyth.network/price-feeds/core/fetch-price-updates|https://docs.pyth.network/price-feeds/core/best-practices","Good reference/guardrail input, not block-size VWAP. Treat publisher count as robustness metadata, not accessible independent inputs.","2026-07-16"
"Pyth Pro","oracle_commercial","500+ feeds across crypto, US equities, FX, metals/commodities and indexes in Terminal; exact entitlements by package","Aggregate price/confidence/publisherCount; optional experimental best bid/ask; market-session state; signed EVM/Solana payloads; funding-rate feed types","Authenticated WebSocket/REST with bearer API key; three redundant stream endpoints","1 ms to 1 s configured channels; microsecond timestamps; carried-forward prices require feedUpdateTimestamp checks; history API; connection/feed/channel limits set by service agreement","Free trial without card; paid tiers exist but exact production/redistribution price not exposed in reviewed page, so quote/agreement required","Agreement-scoped","Agreement-scoped","Agreement-scoped","Agreement-scoped","Agreement-scoped; signed payload support does not waive commercial rights","pyth_pro_aggregate; correlated with Pyth Core where same publisher set/instrument","https://docs.pyth.network/price-feeds/pro|https://docs.pyth.network/price-feeds/pro/pyth-terminal|https://docs.pyth.network/price-feeds/pro/payload-reference|https://docs.pyth.network/price-feeds/pro/rate-limits|https://docs.pyth.network/price-feeds/pro/subscribe-to-prices","Potential partner substitute for client-used TradFi symbols, but obtain written redistribution, raw retention and onchain-publication rights. Experimental bid/ask is not production depth.","2026-07-16"
"NOBI Labs","oracle_publisher","NOBI claims crypto CEX/DEX, US/Asian/exotic equities, FX, 24/7 commodities, 35+ chains, 75+ DEXs and 2,000+ pairs","Publisher claims real-time feeds and 24/7 commodity coverage; Pyth announced NOBI contributes proprietary data. Exact aggregation and upstream construction are not public","Partner/contact; Pyth publisher path","No public field schema, timestamp SLA, rate limits, replay policy or source-by-source methodology located","Quote required","Unknown","Unknown","Unknown","Unknown","Unknown","nobi_proprietary; if observed only inside Pyth aggregate, cannot be counted separately","https://labs.usenobi.com/|https://www.pyth.network/blog/new-pyth-data-provider-nobi|https://legacy.pyth.network/publishers","Do not infer how NOBI licenses or derives TradFi data. Public evidence does not establish reproducible upstream lineage or copyable rights.","2026-07-16"
"TTMzero","oracle_publisher_vendor","US equities, FX and metals contributed to Pyth; vendor offers evaluated real-time prices, derivatives/bonds and structured-product valuation","Model-driven evaluated prices/indications and valuations; TTMzero says it has direct access to major exchanges, broker platforms and interbank markets","Commercial REST/WebSocket integrations; Pyth publisher path","Real-time vendor products; no public SLA/rate limit/replay entitlement located","Quote required","Agreement-scoped","Agreement-scoped","Agreement-scoped","Agreement-scoped","Agreement-scoped","ttmzero_evaluated; Pyth observation is not independent from direct TTMzero for overlapping instruments","https://ttmzero.com/about-us/|https://ttmzero.com/|https://www.pyth.network/blog/new-pyth-data-provider","Plausible partner for evaluated TradFi prices, but methodology, source list, licenses and rights are contract-specific. Do not copy or infer upstream arrangements.","2026-07-16"
"Chainlink Data Feeds / SmartData","oracle","Crypto, commodities, FX, indices and tokenized-asset/NAV feeds","Aggregated market-representative reference or issuer/fundamental/hybrid SmartData; push heartbeat/deviation; not executable depth","Public onchain contracts via RPC","Onchain round/timestamp; heartbeat/deviation varies per feed; deprecation risk; no generic historical entitlement beyond chain archive","No per-read subscription published; network RPC/gas; sponsorship/economic model feed-specific","Onchain consumption intended","Unknown","Unknown for repackaged commercial API","Public-chain retention possible subject to RPC terms","Unknown for republishing under Blocksize brand","chainlink_aggregate; SmartData/NAV must keep issuer administrator lineage; multiple chain deployments are not independent","https://chain.link/data-feeds|https://data.chain.link/|https://docs.chain.link/|https://chain.link/faqs","Strong reference/NAV source. Never label as executable; verify heartbeat, deviation, session and deprecation state per exact feed.","2026-07-16"
"Chainlink Data Streams","oracle_commercial","High-frequency crypto, 24/5 equities and expanded APAC/RWA streams; exact catalog/entitlement dynamic","Low-latency pull reports; prices, market status and some liquidity-weighted bid/ask; not a full L2 book","Authenticated Data Streams service; onchain report verification","Sub-second delivery; product-specific reports; free tier ends 2026-09-01; paid subscription encouraged","Free tier until 2026-09-01 then paid; exact paid price not public in reviewed docs","Agreement-scoped","Agreement-scoped","Agreement-scoped","Agreement-scoped","Agreement-scoped","chainlink_streams; correlated with Chainlink feeds if overlapping upstreams","https://chain.link/data-streams|https://docs.chain.link/data-streams/release-notes|https://data.chain.link/streams","Partner candidate, not a rights shortcut. Obtain precise instrument list, session logic, retention and redistribution/onchain publication rights.","2026-07-16"
"RedStone","oracle","Crypto and RWAs including NAV, indices, FX, commodities and custom feeds","Push/pull oracle reference; RedStone Live claims institutionally sourced, asset-specific weighted composites; not native L2","Public onchain feeds plus partner/custom integrations","Feed-specific timestamps/heartbeat; no general public rate-limit/history entitlement found","Quote required for custom/Live services; public onchain read costs are RPC/gas","Onchain consumption intended","Unknown","Unknown","Unknown","Unknown for Blocksize republication","redstone_aggregate; custom feed and issuer NAV lineage must be preserved","https://blog.redstone.finance/2026/05/20/extended-chose-redstone-live-as-the-data-layer-behind-their-real-world-markets/|https://blog.redstone.finance/2025/02/06/introducing-redstone-distributed-data-association/","Potential RWA/oracle partner. Marketing claims do not disclose exact upstreams or license rights; require contract and methodology schedule.","2026-07-16"
"Supra DORA / API","oracle","Wide crypto pairs and some commodities; exact current pair list","DORA S-value: node medians clustered then mean; push/pull onchain reference; REST/WebSocket API includes real-time/historical crypto/OHLC","Early-access API key for REST/WebSocket; public onchain push/pull contracts","WebSocket OHLC; timestamp/round/decimals onchain; up to 21 sources claimed; no production SLA/rate limit public","Quote required; early access","Agreement-scoped","Unknown","Unknown","Unknown","Unknown","supra_aggregate; source identities not exposed in aggregate","https://docs.supra.com/oracles/data-feeds|https://docs.supra.com/oracles/apis-real-time-and-historical-data|https://docs.supra.com/oracles/apis-real-time-and-historical-data/websocket-api|https://docs.supra.com/oracles/data-feeds/push-oracle","Reference candidate only. Pair coverage and rights must be verified under early-access agreement.","2026-07-16"
"API3","oracle","Large dynamic EVM dAPI catalog","First-party API-provider signed beacons/beacon sets; base updates may be delayed 0-20 s for OEV; reference price not depth","Public onchain dAPIs; market activation plan if inactive; public signed-data path for searchers","Timestamp returned by reader; heartbeat/deviation selected per plan; active feed shared by all users","Three-month mainnet plans priced at estimated gas cost or $0.05/day minimum; live exact price in API3 Market","Onchain consumption intended","Unknown","Unknown","Public signed data is available to searchers but retention terms not stated","Unknown for branded republishing","api3_beacon_set; each API provider can be lineage-tagged, but an aggregate dAPI is one composite","https://docs.api3.org/dapps/integration/|https://docs.api3.org/dapps/quickstart/|https://docs.api3.org/oev/in-depth/data-feeds/|https://docs.api3.org/dapps/integration/security-considerations.html","Low-cost reference candidate on EVM. Account for deliberate base-feed delay and exact provider set; not executable.","2026-07-16"
"Switchboard","oracle","Custom on/offchain feeds across 10+ chains; prominent Solana DeFi coverage","Permissionless customizable pull feed/TEEs; standard ~400 ms oracle and 2-5 ms paid Surge claims; reference values, not executable depth","Crossbar plus onchain update/verify; Surge requires active subscription","Quote account/feed result includes decimals and slot; caller cranks/pays fee; staleness checks required","On-demand fee via contract/network; Surge subscription price not public, so quote required","Onchain consumption intended","Unknown","Unknown","Unknown","Unknown for Blocksize republication","switchboard_feed; custom job upstreams must be disclosed before independence claims","https://docs.switchboard.xyz/|https://docs.switchboard.xyz/ai-agents-llms/switchboard-agent-skill/switchboard-evm-feeds|https://docs.switchboard.xyz/docs-by-chain/solana-svm/surge/surge","Good for custom onchain publication plumbing, not a substitute for upstream rights. Exact job definition and sources are mandatory.","2026-07-16"
"Chronicle","oracle","Crypto and selected RWA/fundamental/hybrid rates","Scribe onchain reference; dashboard labels market, fundamental or hybrid price type and risk tier; not executable depth","Public onchain contracts/dashboard; additional services may require agreement/payment","Onchain timestamps/blocks and historical verifiability positioning; feed-specific update thresholds","No public price; additional services/payment may apply","Onchain consumption is a protocol use case, subject to terms","Unknown","Unknown","Unknown","Unknown; terms retain rights in data feeds and prohibit some competitive/automated uses","chronicle_aggregate; source identities/quality tier should remain attached","https://chroniclelabs.org/data|https://chroniclelabs.org/termsofuse|https://chroniclelabs.org/dashboard/oracle/ALUSD/USD","Use only after legal review: current terms retain data-feed rights and restrict scraping/competitive use. Native integration differs from commercial redistribution.","2026-07-16"
"Twelve Data Business / US Equities","commercial market-data partner","Global equities, ETFs, FX, indices, commodities and other listed/reference markets; default US real-time feed covers all listed symbols but approximately 5% of US trading volume","Trade/quote/reference API data; default US feed is representative rather than consolidated full-market NBBO or L2 depth","REST and WebSocket with API key; Enterprise advertises 10,946 API credits and 10,000 WebSocket symbol credits","Enterprise advertises 99.99% SLA; history and corporate-action fields are product-specific; more than 10,000 simultaneous symbols requires a custom plan","Enterprise is USD 1,099/month monthly or USD 916/month annual-equivalent; Enterprise+ and redistribution/full-market add-ons are quote required","Business use depends on tier and exchange rules","Customer may create non-reversible derived data only within the agreement","Separate Redistribution Rights Add-On or written agreement required; full-market licensed access is quote required","Retention is limited by subscription and third-party-provider rules; deletion may be required after termination","Not granted by standard terms; explicit written permission required","twelve_data_default_us_venue_set or licensed_full_market_upstream; do not count the vendor and its component venues as independent without lineage","https://twelvedata.com/pricing-business|https://support.twelvedata.com/en/articles/9935903-us-equities-market-data|https://support.twelvedata.com/en/articles/5332349-commercial-and-personal-usage|https://twelvedata.com/terms","Best price-screen partner candidate for the client-used universe, but 11,472 symbols exceed advertised 10,000 WebSocket credits and commercial API redistribution/onchain publication remain quote and agreement gates. Default feed is not SIP/NBBO or executable full depth.","2026-07-16"
"Databento US Equities","commercial market-data partner","US equities and exchange-specific futures/options datasets","Dataset-dependent trades, MBP/L1-L3 books and historical replay; exact semantics depend on schema and licensed dataset","Authenticated live and historical APIs/SDKs","Live and deep history depend on plan/schema; exchange licensing questionnaire controls entitlements","Databento US Equities monthly subscription is USD 4,000 effective 2026-06-22; general Standard is USD 179/month and Plus shows USD 1,500/month license fees with annual contract, but actual dataset/license fees vary","Agreement and dataset scoped","Agreement and exchange-license scoped","Plus advertises external distribution, subject to dataset/exchange licensing and actual questionnaire fees","Agreement and exchange rules control retention","Quote and written permission required","databento_dataset_plus_underlying_venues; a vendor composite is not independent from its licensed venue inputs","https://databento.com/pricing|https://databento.com/blog/updates-to-subscription-pricing|https://databento.com/docs/portal","Technically strong depth/replay partner, but current full US Equities price equals the assumed avoided subscription before extra rights. Use as benchmark for negotiations, not a demonstrated savings path.","2026-07-16"
"QuickNode","managed RPC infrastructure","Multi-chain RPC, logs, streams, WebSockets and Solana gRPC on higher tiers","Transport for exact onchain state; RPC metadata is not a price","API key RPC/WebSocket/streams","Monthly plans advertise 50/125/250/500 RPS and 80M/450M/950M/2B credits; archive/log windows and gRPC differ by tier","Monthly Build USD 49, Accelerate USD 249, Scale USD 499, Business USD 999; enterprise quote required","Internal use under service terms","Not a market-data rights grant","Not a grant to redistribute upstream market data","Retention depends on streams/storage configuration and terms","No upstream price-publication rights arise from RPC access","quicknode_rpc_transport; preserve the underlying chain/protocol lineage","https://www.quicknode.com/pricing","Low-cost managed transport candidate for pilots. Select by measured request, log/archive, WebSocket, gRPC, storage and egress load; retain a second RPC for failover before production.","2026-07-16"
"Alchemy","managed RPC infrastructure","Major EVM and Solana networks with RPC, WebSockets and full archive","Transport for exact onchain state; RPC responses, balances and logs are not prices without a named pricing contract/pool simulation","API key RPC/WebSocket; PAYG and enterprise tiers","Free includes 30M compute units and 25 RPS; PAYG starts at 300 RPS; average request is approximately 27 compute units but method costs vary","Free 30M compute units/month; PAYG USD 0.45 per million through 300M and USD 0.40 above; enterprise quote required","Internal use under service terms","Not a market-data rights grant","Not a grant to redistribute upstream market data","Full archive is listed on free/PAYG, but customer replay retention and egress remain workload/terms dependent","No upstream price-publication rights arise from RPC access","alchemy_rpc_transport; preserve the underlying chain/protocol lineage","https://www.alchemy.com/pricing|https://www.alchemy.com/docs/reference/pricing-plans","Economical secondary or usage-based RPC candidate. Benchmark real method mix and Solana gRPC/egress before selecting; use independent transport for failover.","2026-07-16"
